Date,Title,Source
2025-12-24,"S&P 500 record, commodities, Apple CEO buys Nike shares: 3 Things",AAPL
2025-12-23,Apple spent 2025 setting itself up for the future — and its biggest moves weren't about AI,AAPL
2025-12-23,Apple had a big 2025. Here's what could be in store in 2026,AAPL
2025-12-24,Nike Shares Get a Lift After Apple’s Tim Cook Doubles His Personal Stake,AAPL
2025-12-24,Apple CEO Tim Cook Discloses $3 Million Nike Buy With Dow Giant At 7-Month Low,AAPL
2025-12-24,The Tech Stock Warren Buffett Wishes He'd Bought,AAPL
2025-12-24,Nike Rises 2% After Apple CEO Tim Cook Buys $3 Million Stake,AAPL
2025-12-24,Apple CEO Tim Cook Buys $3 Million of Nike Shares. The Stock Is Rising.,AAPL
2025-12-24,Equity Futures Hold Steady Pre-Bell as US Initial Jobless Claims Beat Analyst Range,AAPL
2025-12-24,"These Stocks Are Moving the Most Today: Intel, Nike, UiPath, Tesla, AMC, Strategy, Dynavax, and More",AAPL
2025-12-24,Vanguard flips the script on 60/40 investment strategy,MSFT
2025-12-24,Meta Ordered By Italian Regulators To Keep WhatsApp Open For Rival AI Chatbots,MSFT
2025-12-24,Nadella Takes Direct Control of Microsoft AI,MSFT
2025-12-24,Nvidia (NASDAQ: NVDA) Stock Price Prediction for 2026: Where Will It Be in 1 Year (Dec 24),MSFT
2025-12-24,Microsoft Will 'Prove Doubters Wrong' In 2026 With AI-Fueled Growth,MSFT
2025-12-24,The 20-Year Signal: Preparing for the Predicted Reversal of AI-Fueled Stock Market Gains,MSFT
2025-12-24,Wedbush Calls Microsoft (MSFT) a Core AI Winner With $625 Price Target,MSFT
2025-12-24,Bitcoin Miners Thrive Off a New Side Hustle: Retooling Their Data Centers for AI,MSFT
2025-12-24,"These 6 stocks will lead the $1 trillion chip surge in 2026, BofA says",NVDA
2025-12-24,BC-Most Active Stocks,NVDA
2025-12-24,Stock Market Today: Dow Rises While Nvidia Retakes Key Level; Biotech Stock Soars (Live Coverage),NVDA
2025-12-24,Intel Lands $5.7B U.S. Investment Following CEO Tan's White House Meeting,NVDA
2025-12-24,TSX futures edge lower as liquidity thins ahead of Christmas break,NVDA
2025-12-24,Intel Shares Fall on Report Nvidia Halts Production Test,NVDA
2025-12-24,INTC: Intel Stock Falls After Nvidia Backs Out of 18A Chip Deal,NVDA
2025-12-24,ByteDance Plans $23 Billion AI Spending Spree,NVDA
2025-12-24,Nvidia and Bath & Body Works have been highlighted as Zacks Bull and Bear of the Day,NVDA
2025-12-24,Here's How Much a $1000 Investment in Nvidia Made 10 Years Ago Would Be Worth Today,NVDA
2025-12-24,Intel Stock Drops. Blame Nvidia.,AVGO
2025-12-24,Prediction: These 3 Artificial Intelligence (AI) Stocks Will Be Big Winners Again in 2026,AVGO
2025-12-24,"Stock Index Futures Muted in Thin Pre-Christmas Trade, U.S. Jobless Claims Data on Tap",AVGO
2025-12-24,Broadcom CEO Dumps $42 Million in Stock -- Insider Sales Top $100 Million,AVGO
2025-12-24,Review & Preview: Next Stop? S&P 7000.,AVGO
2025-12-23,Stock Market Today: Dow Higher As S&P 500 Scores Record; Nvidia Clears Key Level (Live Coverage),AVGO
2025-12-23,S&P 500 Hits New High After Strong GDP Data,AVGO
2025-12-23,Citi Makes Left-Field Choice For Top Pick Among Chip Stocks,AVGO
2025-12-23,Dan Ives says this tech stock is under the most pressure in AI era,ORCL
2025-12-24,Oracle's OpenAI Ties Could Drive $60 Billion Revenue,ORCL
2025-12-24,"AI Weekly: Oracle shares dive, Nvidia's China move",ORCL
2025-12-24,"ByteDance plans to spend $23B on AI in 2026, FT reports",ORCL
2025-12-24,Citizens Stays Constructive on Oracle (ORCL) Amid Investor Confusion on OCI,ORCL
2025-12-24,Tech groups shift $120bn of AI data centre debt off balance sheets,ORCL
2025-12-23,"Paramount’s New Bid ‘Not Sufficient,’ Warner’s Fifth-Largest Shareholder Says",ORCL
2025-12-23,Larry Ellison’s $40 billion pledge to his son’s Paramount deal shows a shift in billionaire giving: Philanthropic capitalism is taking over,ORCL
2025-12-23,"Microsoft, Salesforce Lead Evercore's 2026 Picks",ORCL
2025-12-23,Snowflake Rides on Strong AI Demand: A Sign for More Upside?,ORCL
2025-12-23,Google started the year behind in the AI race. It ended 2025 on top.,CRM
2025-12-24,Salesforce Is Ready to Emerge an AI Winner. Buy the Stock.,CRM
2025-12-24,Why Truist Sees Salesforce (CRM) Positioned for AI-Driven Growth,CRM
2025-12-24,How Investors May Respond To Salesforce (CRM) Q3 Beat And Surging Enterprise AI Adoption,CRM
2025-12-23,This Software Stock Looks ‘Washed Out’ but Analysts Think 2026 Could Be Its Turnaround Year. Why?,CRM
2025-12-23,Salesforce Just Triggered a Powerful Buy Signal for 2026,CRM
2025-12-23,Salesforce (CRM): Reassessing Valuation After Recent Share Price Rebound,CRM
2025-12-23,BTIG Says Agentforce Momentum Undervalued as Salesforce (CRM) Enters AI “Second Act”,CRM
2025-12-24,Snowflake In Talks To Buy Observe Amid AI Acquisition Spree,CSCO
2025-12-23,Is Cisco Still Attractively Priced After Its Strong Multi Year Share Price Rally,CSCO
2025-12-22,Morgan Stanley Sees Cisco (CSCO) Benefiting From AI Infrastructure Demand,CSCO
2025-12-22,"Here is What to Know Beyond Why Cisco Systems, Inc. (CSCO) is a Trending Stock",CSCO
2025-12-20,MarketBeat Week in Review – 12/15 - 12/19,CSCO
2025-12-19,Stock Market Today: Nasdaq Up With Nvidia Among Reinvigorated Tech Names (Live Coverage),CSCO
2025-12-19,What New Catalysts Are Shaping the Evolving Narrative for Cisco?,CSCO
2025-12-19,Jabil Is Flying Under the Radar—But a 50% Surge May Be Coming,CSCO
2025-12-19,3 Mega-Cap Stocks with Warning Signs,CSCO
2025-12-19,1 Growth Stock to Add to Your Roster and 2 We Question,CSCO
2025-12-24,3 S&P 500 Stocks We Approach with Caution,ADBE
2025-12-23,BMO Stays Outperform on Adobe (ADBE) Despite Competitive AI Pressures,ADBE
2025-12-22,Wall Street Firms Cut Adobe Inc. (ADBE) Price Target but Tout Revenue Growth and Long-term Outlook,ADBE
2025-12-22,Adobe (ADBE): Reassessing Valuation After New Runway AI Video Partnership and Creative Cloud Push,ADBE
2025-12-21,ServiceNow (NOW) in Focus as Bernstein Calls It the Cheapest Large-Cap Software Name,ADBE
2025-12-19,Meta Joins the AI Video Race: Report. It Needs to Catch Google and OpenAI.,ADBE
2025-12-19,Bubbles and Boring Bets: What’s Coming for Tech Stocks in 2026,ADBE
2025-12-19,KeyBanc Turns Bearish on Adobe (ADBE) Despite Strong Q4 Results,ADBE
2025-12-18,"Phillip Maintains Buy on Adobe (ADBE), Sees Steady Growth Into FY26",ADBE
2025-12-24,S&P 500 Record Sets Up a Santa Rally. This Could Be the Stock Market’s Scrooge and 4 Other Things to Know Today.,AMD
2025-12-24,AI Chips Today - EdgeMode Secures Power for Major AI Data Center Expansion,AMD
2025-12-24,Nvidia and AMD Eye China AI Chip Boost,AMD
2025-12-24,How a Silicon Valley dealmaker charmed Trump and gave Intel a lifeline,AMD
2025-12-23,Alibaba Shows China May Be the Next Frontier for Nvidia and AMD,AMD
2025-12-23,Forget NVDA: 2 AI Stocks Crushing it in 2025 With More Upside Ahead,AMD
2025-12-23,What Is One of the Best Chip Stocks to Hold for the Next 10 Years?,AMD
2025-12-23,"Nvidia, AMD Could See Billions in Revenue from Soaring China AI Demand in 2026",AMD
2025-12-23,CLS Rides on Steady Revenue Growth: Will the Uptrend Persist?,AMD
2025-12-22,INTC: Intel Foundry Push and Nvidia Backing Could Drive 2026 Growth,QCOM
2025-12-22,England High Court  Sanctions QUALCOMM Incorporated (QCOM)’s Alphawave IP Group Acquisition,QCOM
2025-12-22,Can Completion of Qualcomm's Alphawave Buyout Deal Propel Its Shares?,QCOM
2025-12-21,Analysts Bullish on Qualcomm Inc. (QCOM) As It Completes Alphawave Semi Acquisition,QCOM
2025-12-21,Intel stock soared in 2025. But the chipmaker still has a long road ahead.,QCOM
2025-12-20,Is It Too Late To Consider Qualcomm After Its Strong Multi Year Share Price Rally?,QCOM
2025-12-19,Qualcomm’s Monster Rally Has a Catch—Can the Stock Keep Climbing?,QCOM
2025-12-19,Qualcomm wraps up $2.4bn acquisition of Alphawave Semi,QCOM
2025-12-18,Qualcomm (QCOM) Surpasses Market Returns: Some Facts Worth Knowing,QCOM
2025-12-18,AI trade is helping build out the 'next new economy': Strategist,QCOM
2025-12-23,Texas Instruments (NASDAQ:TXN) Might Be Having Difficulty Using Its Capital Effectively,TXN
2025-12-22,"BofA Sees 2026 as Midpoint of AI Infrastructure Cycle, Lifts TXN Target",TXN
2025-12-22,3 Volatile Stocks Walking a Fine Line,TXN
2025-12-19,"Texas Instruments Incorporated's (NASDAQ:TXN) latest 3.0% decline adds to one-year losses, institutional investors may consider drastic measures",TXN
2025-12-19,1 Mooning  Stock to Own for Decades and 2 Facing Headwinds,TXN
2025-12-19,3 Unpopular Stocks Walking a Fine Line,TXN
2025-12-17,Texas Instruments (TXN) Declines More Than Market: Some Information for Investors,TXN
2025-12-16,"Costco downgraded, Dollar General upgraded: Wall Street’s top analyst calls",TXN
2025-12-23,Is It Worth Investing in Intuit (INTU) Based on Wall Street's Bullish Views?,INTU
2025-12-23,Parnassus Core Equity Fund Sold Intuit (INTU) After Share Price Appreciation,INTU
2025-12-22,"Microsoft, Salesforce and Oracle Named Top Software Picks for 2026",INTU
2025-12-22,Circle CEO Jeremy Allaire shares his 10-year vision: We want to be foundational to the internet,INTU
2025-12-22,Intuit CFO: Stablecoins are the new ‘digital dollar’ rail,INTU
2025-12-22,2 Large-Cap Stocks Worth Investigating and 1 We Find Risky,INTU
2025-12-21,Is Intuit (INTU) One of the Best Large Cap Stocks to Invest In?,INTU
2025-12-19,"As Intuit Jumps Into Stablecoin Business, Should You Buy, Sell, or Hold INTU Stock?",INTU
2025-12-19,Intuit & Circle Team Up for Smarter Money Movement With Stablecoins,INTU
2025-12-18,If AI Financial Automation Happens (It Is) Then These Four Companies Win,INTU
2025-12-23,4 Memorable Ways to Play the HBM Market Boom,AMAT
2025-12-23,"Is Most-Watched Stock Applied Materials, Inc. (AMAT) Worth Betting on Now?",AMAT
2025-12-22,"Applied Materials (AMAT) Target Raised, but Mizuho Flags China and Intel Risks",AMAT
2025-12-22,A comprehensive list of 2025 tech layoffs,AMAT
2025-12-22,NVDA vs. AMAT: Which Semiconductor Stock Is the Better Buy Now?,AMAT
2025-12-22,Lam Research Hits 52-Week High: Is the Stock Still Worth Buying?,AMAT
2025-12-21,Assessing Applied Materials Valuation After AI Driven Surge In 2025,AMAT
2025-12-21,Jim Cramer Says Applied Materials Is a “Great Long-Term Performer”,AMAT
2025-12-21,Where is Taiwan Semiconductor Manufacturing (TSM) Headed According to Analysts?,AMAT
2025-12-23,"ServiceNow to acquire Armis for $7.75B, gold & silver record highs",NOW
2025-12-24,"NOW: ServiceNow Confirms $7.75 Billion Armis Buyout, Stock Falls",NOW
2025-12-24,"Company News for Dec 24, 2025",NOW
2025-12-23,"Stock Market Today, Dec. 23: U.S. Stocks Hold Near Records on Narrow Tech-Led Gains",NOW
2025-12-23,"Evolutionary Tree Dumps 11,000 monday.com Shares for $3.6 Million",NOW
2025-12-23,"Stocks to Watch Tuesday Recap: Novo Nordisk, Huntington Ingalls, ServiceNow",NOW
2025-12-23,Why ServiceNow Is Buying Cyber Startup Armis for $7.75 Billion,NOW
2025-12-23,"These Stocks Moved the Most Today: Novo Nordisk, ServiceNow, Micron, DJT, Freeport-McMoRan, Zim, and More",NOW
2025-12-23,Is Digi International (DGII) Stock Outpacing Its Computer and Technology Peers This Year?,IBM
2025-12-23,‘Vortex of Volatility’ Kept 2025 Dealmaking From Breaking Records,IBM
2025-12-23,1 Cash-Producing Stock with Competitive Advantages and 2 Facing Challenges,IBM
2025-12-22,Quantum Stocks 2026: Can IONQ & QBTS Follow NVDA's Playbook?,IBM
2025-12-22,Warner Bros bidding war and red hot M&A market has dealmakers working through holidays,IBM
2025-12-22,"IBM Leans on AI, Acquisitions, and Partnerships to Drive Growth",IBM
2025-12-22,Wall Street Discovered Quantum Computing Stocks In 2025. Will The Love Last?,IBM
2025-12-21,Riding the AI wave? You need a 'strong stomach': Dan Ives' strategy,IBM
2025-12-21,Want to Invest in Quantum Computing? 3 Stocks That Are Great Buys Right Now,IBM
2025-12-21,Is IBM’s AI and Hybrid Cloud Momentum Already Reflected in the 2025 Share Price?,IBM
2025-12-23,CTSH or ACN: Which Is the Better Value Stock Right Now?,ACN
2025-12-22,Accenture and Palantir Form New AI Partnership to Accelerate Enterprise Transformation,ACN
2025-12-22,Management consultants in trouble as AI boosters eat themselves,ACN
2025-12-22,"Trump Administration Threatens To Hit EU Companies Like Spotify, DHL With Fee, Restrictions If 'Discriminatory' Crackdown On US Companies Continues",ACN
2025-12-20,Accenture (ACN): Reassessing Valuation After a Recent Share Price Rebound,ACN
2025-12-19,"Accenture plc (ACN) Announces Results For Fiscal Q1 2026, Here’s What You Need to Know",ACN
2025-12-19,"Paychex Q2 Earnings & Revenues Surpass Estimates, Increase Y/Y",ACN
2025-12-19,Aoris International Fund Has a Positive Outlook on Accenture (ACN),ACN
2025-12-19,"Accenture's AI Momentum Continues, Partner Network Supports Long-Term Growth, RBC Says",ACN
2025-12-19,"Amazon, Google, and Microsoft Join U.S. Energy Department's 'Genesis Mission'",ACN
2025-12-24,2 AI surprises for investors in 2025,INTC
2025-12-24,"Nike, UiPath gain in premarket; Intel falls",INTC
2025-12-24,Buy 3 Tech Stocks as Santa Rally Begins With a Record High S&P 500,ADI
2025-12-21,"Analog Devices, Inc.'s (NASDAQ:ADI) Stock On An Uptrend: Could Fundamentals Be Driving The Momentum?",ADI
2025-12-19,Has AXT (AXTI) Outpaced Other Computer and Technology Stocks This Year?,ADI
2025-12-18,"BofA Raises Analog Devices (ADI) Target, Sees Long AI-Driven Upgrade Cycle Ahead",ADI
2025-12-18,Top Semiconductor Stocks for 2026 -- Nvidia and Broadcom Lead Chip Picks,ADI
2025-12-17,Has Analog Devices’ 110% Five Year Surge Left Much Upside at $278?,ADI
2025-12-16,"UBS Lifts Analog Devices (ADI) Target, Keeps Buy Rating",ADI
2025-12-16,Earnings Estimates Moving Higher for Analog Devices (ADI): Time to Buy?,ADI
2025-12-24,Mergers & Acquisitions Soared This Year. Stocks That Could Make 2026 Even Bigger.,PANW
2025-12-23,"Is Palo Alto Networks Stock a Buy, Sell, or Hold Following Its Major Multibillion-Dollar Google Deal?",PANW
2025-12-23,AI-Driven Cybersecurity Boom Makes These 4 Stocks Worth Buying,PANW
2025-12-23,"Palo Alto Networks, Inc. (NASDAQ:PANW) Shares Could Be 23% Below Their Intrinsic Value Estimate",PANW
2025-12-23,Cantor Sees Long-Term Upside for Palo Alto Networks (PANW) on AI-Era Security,PANW
2025-12-23,Jim Cramer on Costco: “We Did Not Like the Way the Conference Call Went When They Reported Last”,PANW
2025-12-23,2 Nasdaq 100 Stocks with Exciting Potential and 1 We Brush Off,PANW
2025-12-22,Palo Alto Networks (PANW) Beats Stock Market Upswing: What Investors Need to Know,PANW
2025-12-22,Palo Alto Networks Stock Is Down But Not Out - Worth Buying PANW Here?,PANW
2025-12-24,Alphabet to acquire Intersect for $4.75bn in AI push,GOOGL
2025-12-24,"Dow Jones Futures: S&P 500 Hits Record Close; Nvidia, Google Flash Buy Signals",GOOGL
2025-12-24,Alphabet (GOOG): AI Loser To a Potential Winner,GOOGL
2025-12-24,"Mining, Oil and Bank Issues Moderately Lift European Bourses Midday",META
2025-12-24,Italy Orders Meta to Halt WhatsApp Terms Blocking Rival AI Chatbots,META
2025-12-24,Update: Meta Platforms Faces Interim Measures in Italy Over WhatsApp AI Practices,META
2025-12-24,Italy Watchdog Orders Meta to Allow Rival AI Chatbots in WhatsApp,META
2025-12-24,Billionaires Buy 2 Trillion-Dollar AI Stocks Hand Over Fist Ahead of 2026,META
2025-12-24,Why Disney Stock Is the Real Winner from the Warner Takeover Battle,NFLX
2025-12-24,2025 Changed the Media Business. Next Year Could Be Even More Turbulent.,NFLX
2025-12-23,Warner Bros. Discovery confirms receipt of amended offer from Paramount Skydance,NFLX
2025-12-23,Wall Street Sees Record Investment-Grade Bond Issuance in 2026,NFLX
2025-12-23,"Got $1,000? 2 Stocks to Buy Now While They're On Sale",NFLX
2025-12-23,"Got $5,000? 3 Tech Stocks to Buy and Hold for the Long Term",NFLX
2025-12-23,Market Chatter: Paramount's Latest Offer for Warner Bros. Discovery Still Insufficient for Harris Oakmark,NFLX
2025-12-24,The Marketing Master Trying to Make Us Fall in Love With Disney Again,DIS
2025-12-23,This Little-Known Stock Just Landed a Big Disney Win. Should You Buy Shares Here?,DIS
2025-12-23,New to Investing? This 1 Consumer Discretionary Stock Could Be the Perfect Starting Point,DIS
2025-12-23,"Mattel brings on vet from Netflix, Disney",DIS
2025-12-22,Paramount Stock Rallies After Amended Warner Offer. The Ellisons Are All-In on the Deal.,DIS
2025-12-22,Disney's Avatar Returns With $345 Million,DIS
2025-12-22,Why Walt Disney (DIS) is a Top Value Stock for the Long-Term,DIS
2025-12-22,Investors Heavily Search The Walt Disney Company (DIS): Here is What You Need to Know,DIS
2025-12-22,"Why Six Flags Crashed in 2025, but Disney Survived",DIS
2025-12-22,SoftBank Races to Secure $22.5 Billion OpenAI Funding by Year-End,TMUS
2025-12-22,3 Must-Watch 5G Stocks Poised for the Next Growth Wave in 2026,TMUS
2025-12-22,SoftBank Races to Finalize $22.5B OpenAI Investment by Year-End,TMUS
2025-12-22,"T-Mobile US Insiders Sell US$15m Of Stock, Possibly Signalling Caution",TMUS
2025-12-22,"SoftBank races to fulfill $22.5 billion funding deal with OpenAI, sources",TMUS
2025-12-19,SoftBank races to fulfill $22.5 billion funding commitment to OpenAI by year-end,TMUS
2025-12-19,Global IoT providers focus on multi-network service management in H2 2025,TMUS
2025-12-19,Is the Options Market Predicting a Spike in TMobile US Stock?,TMUS
2025-12-18,LUMN Surges 26% in the Past Year: Can It Sustain the Momentum in 2026?,TMUS
2025-12-18,Is T-Mobile (TMUS) Undervalued After Recent Share Price Weakness? A Closer Look at Its Valuation,TMUS
2025-12-23,VZ Introduces 5G Network Slice Solution: Will it Boost Prospects?,VZ
2025-12-23,Here's What to Expect From Verizon Communications' Next Earnings Report,VZ
2025-12-23,UPS and 11 Other Stocks With Sky-High Dividends and No Clear Answers,VZ
2025-12-22,Verizon Communications Inc. (VZ) Is a Trending Stock: Facts to Know Before Betting on It,VZ
2025-12-22,VZ vs T: What's the Better Long-Term Play?,VZ
2025-12-22,"Meet the ""Magnificent Seven"" Stock That Pays More Dividends Than Any Other S&P 500 Company. Here's Why It's a Buy Before 2026.",VZ
2025-12-21,Should BlueBird 6’s High-Capacity Launch Plans Require Action From AST SpaceMobile (ASTS) Investors?,VZ
2025-12-20,"Want to Collect $2,500 in Dividends Every Year? Invest $13,000 Into Each of These 3 Stocks",VZ
2025-12-20,Verizon (VZ) Valuation Check After Recent Share Price Pullback,VZ
2025-12-23,AT&T Inc. (T) Is a Trending Stock: Facts to Know Before Betting on It,T
2025-12-23,Jim Cramer on EchoStar: “I Think the Play Is Over”,T
2025-12-22,3 Stocks Estimated To Be Trading Below Their Intrinsic Value In December 2025,T
2025-12-22,1 Stock Under $50 with Exciting Potential and 2 That Underwhelm,T
2025-12-20,"The Smartest Dividend Stocks to Buy With $5,000 Right Now",T
2025-12-19,Why Tutor Perini (TPC) Stock Is Up Today,T
2025-12-19,"EchoStar (SATS) Stock Is Up, What You Need To Know",T
2025-12-24,12 Stocks That Dropped After Tax-Loss Selling—and Can Bounce Back,CMCSA
2025-12-24,UiPath Stock Is Surging. Why the AI Winner Is Getting a Big Boost.,CMCSA
2025-12-23,Have $500? 3 Absurdly Cheap Stocks Long-Term Investors Should Buy Right Now,CMCSA
2025-12-23,Shareholders in Comcast (NASDAQ:CMCSA) are in the red if they invested five years ago,CMCSA
2025-12-22,Sector Update: Consumer Stocks Mixed Late Afternoon,CMCSA
2025-12-22,Sector Update: Consumer Stocks Mixed Monday Afternoon,CMCSA
2025-12-22,Investors Heavily Search Comcast Corporation (CMCSA): Here is What You Need to Know,CMCSA
2025-12-20,Universal Studios Looks to Saudi Arabia for New Theme Park,CMCSA
2025-12-19,Should You Buy the 3 Highest-Paying Dividend Stocks on the Nasdaq?,CMCSA
2025-12-20,Charter Communications (CHTR): Reassessing Valuation After a Steep Share Price Decline,CHTR
2025-12-19,Is Spectrum’s Softer Quarter And Underused Network Altering The Investment Case For Charter Communications (CHTR)?,CHTR
2025-12-19,"Winners And Losers Of Q3: Charter (NASDAQ:CHTR) Vs The Rest Of The Wireless, Cable and Satellite Stocks",CHTR
2025-12-19,Wells Fargo’s Investment Bankers Are Having Their Best Year Ever,CHTR
2025-12-17,"Stock Market Today, Dec. 17: Comcast Jumps Again on Activist Investor Buzz and Versant Spinoff",CHTR
2025-12-17,"Why Charter Communications, Inc. (NASDAQ:CHTR) Could Be Worth Watching",CHTR
2025-12-16,"Stock Market Today, Dec. 16: Comcast Jumps on Activist Investor Speculation",CHTR
2025-12-14,"3 S&P 500 Stocks That Could Soar 49% or More in 2026, According to Wall Street",CHTR
2025-12-13,Charter Communications Insiders Placed Bullish Bets Worth US$1.10m,CHTR
2025-12-12,1 of Wall Street’s Favorite Stock Worth Investigating and 2 We Find Risky,CHTR
2025-12-24,Will Palantir Continue to Skyrocket in 2026?,PLTR
2025-12-24,Palantir Technologies (NASDAQ: PLTR) Stock Price Prediction for 2026: Where Will It Be in 1 Year,PLTR
2025-12-24,Exploring US High Growth Tech Stocks for Potential Expansion,PLTR
2025-12-24,"PLTR: Palantir Surges on Wedbush Call, AI Platform Seen as Game-Changer",PLTR
2025-12-24,Billionaire Stanley Druckenmiller Sold Nvidia and Palantir and Piled Into One of Wall Street's Hottest Drug Stocks Ahead of 2026,PLTR
2025-12-24,Rocket Lab analyst rethinks stock target after hitting record high,PLTR
2025-12-24,"Surf Air Mobility (SRFM): Revisiting Valuation After Q3 Beat, Upgraded Outlook and New Palantir Partnership",PLTR
2025-12-23,"Dow Jones Tech Giant Apple, AppLovin, Palantir, Tesla In Buy Zones",PLTR
2025-12-24,How Mill closed the deal with Amazon and Whole Foods,AMZN
2025-12-24,Here’s Janus Henderson Global Technology and Innovation Fund’s Views on Amazon.com (AMZN),AMZN
2025-12-24,A US Postal Service plan to raise cash could cost the agency its biggest customer,AMZN
2025-12-24,ChargePoint CEO: We expect a 'pullback' this quarter after EV tax credit expiry,TSLA
2025-12-24,Tesla EV Sales Collapse Nearly 40% in Europe Amid Rising Competition,TSLA
2025-12-24,Tesla’s European Sales Plunge,TSLA
2025-12-24,BYD’s European Sales Soar 235%,TSLA
2025-12-24,Tesla Faces U.S. Probe Over Model 3 Emergency Door Release Design,TSLA
2025-12-24,CATL Pushes Global Expansion as China EV Growth Slows,TSLA
2025-12-24,World's Richest Man Elon Musk Says 'Money Won't Matter' When Kids Turn 18 Amid Trump Accounts Buzz: 'AI/Robotics Will Eliminate Scarcity',TSLA
2025-12-24,Tesla price target raised to $551 from $482 at Canaccord,TSLA
2025-12-24,Tesla (TSLA) Draws Wall Street Attention on Driverless Testing in Austin,TSLA
2025-12-24,Consumer spending powers the US economy. A K-shaped economy will further test this dynamic in 2026.,WMT
2025-12-24,Small Businesses Are Struggling This Holiday Season,WMT
2025-12-24,Inflation Cooled in November. Why It’s Coming Back in 2026.,WMT
2025-12-24,FDA Infant Formula Warning Could Be A Game Changer For Walmart’s (WMT) Tech-Driven Retail Strategy,WMT
2025-12-23,Assessing Nasdaq (NDAQ)’s Valuation After Record 2025 Listings and Nasdaq Texas Expansion Plans,WMT
2025-12-23,Billionaire Mark Cuban Says 'Name And Shame' Big Employers Who Pay So Little Their Workers Get Medicaid—'Taxpayers Are Subsidizing' Their Profits,WMT
2025-12-23,Walmart makes tough decision consumers won't like,WMT
2025-12-23,Home Depot copies Walmart with decision consumers won't like,WMT
2025-12-23,Target makes customer service changes shoppers will like,WMT
2025-12-23,"Women’s steady climb to CEO jobs and board seats is stalling amid a perfect storm of politics, economic uncertainty, and changing management tracks",WMT
2025-12-23,LOW vs. HD: Which Home Improvement Giant Is Making the Bigger AI Bet?,HD
2025-12-22,Consumer Strength Is More than Tesla Stock. 3 Charts Tell the Story,HD
2025-12-22,Home Depot vs. Lowe’s: Only 1 of These Home Improvement Stocks Is a Buy for 2026,HD
2025-12-22,Here’s How Lowe’s Shares Can Hit $300 in 2026,HD
2025-12-22,Is Home Depot's Pro Momentum Enough to Offset DIY Slowdowns?,HD
2025-12-21,Is Home Depot’s Creator Portal Strategy Reframing the Digital Growth Narrative for HD?,HD
2025-12-24,Fidelity Contrafund’s Will Danoff Is Getting Closer to Handing Off the Reins,MCD
2025-12-23,McDonald's (MCD) Stock Sinks As Market Gains: Here's Why,MCD
2025-12-23,McDonald's Outperforms Industry in 6 Months: How to Play the Stock?,MCD
2025-12-23,The Bill Gates Portfolio: 3 Of His Ancor Holdings Every Investor Should Consider,MCD
2025-12-23,Here’s What Analysts Say on McDonald’s (MCD),MCD
2025-12-23,3 Emerging Market Stocks to Buy and Hold for 2026,MCD
2025-12-23,2026 Rate Cuts Coming as Inflation Drops: 5 Quality Dividend Stocks to Buy Now,MCD
2025-12-23,Those who invested in McDonald's (NYSE:MCD) five years ago are up 66%,MCD
2025-11-04,Trump tariffs live updates: US holds off on Chinese chip tariffs until mid-2027; Hassett says $2K rebate checks 'likely',COST
2025-12-24,"KB Home downgraded, Costco upgraded: Wall Street's top analyst calls",COST
2025-12-24,"KB Home downgrade, Costco upgraded: Wall Street's top analyst calls",COST
2025-12-24,Costco Wholesale Corporation (NASDAQ:COST) is largely controlled by institutional shareholders who own 69% of the company,COST
2025-12-24,This one Costco item has skyrocketed 108% in price over just 2 years. Now the retail giant is restricting purchases,COST
2025-12-24,Where Will Costco Stock Be in 3 Years?,COST
2025-12-23,Bulky Costco Products That Are Helping The Company Soar,COST
2025-12-23,4 Reasons You Should Invest in Costco Stock in 2026,COST
2025-12-23,Holiday Sales Boom: 4 Retail Stocks Ready for 2026 Gains,COST
2025-12-24,2 Oversold Stocks Set for a Comeback and 1 We Brush Off,PG
2025-12-24,Procter & Gamble (PG): Has the Recent Pullback Opened a Quiet Value Opportunity?,PG
2025-12-23,Can Procter & Gamble's Shift to DTC and Digital Win New Consumers?,PG
2025-12-23,Why Coty (COTY) Shares Are Sliding Today,PG
2025-12-23,Companies Most Likely to Raise Dividends in 2026,PG
2025-12-23,Coty taps P&G veteran as CEO but analysts warn of execution risks,PG
2025-12-23,3 Reasons to Buy Coca-Cola Stock Like There's No Tomorrow,PG
2025-12-23,Coty appoints Markus Strobel as executive chairman and interim CEO,PG
2025-12-22,The Best Dividend Stocks to Buy and Hold Forever,PG
2025-12-22,Coty Names P&G Veteran as Interim CEO Amid Beauty Shake-Up,PG
2025-12-23,The Dividend King Buy-and-Hold Strategy That Can Surge 100% in 10 Years,KO
2025-12-23,Monster Beverage (MNST) Valuation Check as Coca-Cola Partnership and Strong Western Sales Lift Optimism,KO
2025-12-23,How Investors Are Reacting To Monster Beverage (MNST) Upbeat Sales Sentiment And Coca-Cola Expansion Partnership,KO
2025-12-22,Is PepsiCo's Protein and Prebiotic Push a New Functional Edge?,KO
2025-12-22,Is Coca-Cola Stock Your Ticket to Becoming a Millionaire?,KO
2025-12-22,"Monster Beverage Positioned for Sustainable High Growth Versus Peers, Morgan Stanley Says",KO
2025-12-22,Celsius Holdings Benefits From Wellness Shift in Energy Category,KO
2025-12-22,1 Surprising Chip Stock Every Investor Should Own In 2026,KO
2025-12-24,PepsiCo (PEP) Valuation Check After Recent Share Price Drift Lower,PEP
2025-12-23,PepsiCo (PEP) Stock Sinks As Market Gains: Here's Why,PEP
2025-12-23,Heard on the Street Recap: A Dose of Optimism,PEP
2025-12-22,"PepsiCo, Walmart accused of price fixing in class action lawsuit",PEP
2025-12-21,3 Dividend Growth Stocks Analysts Are Upgrading for 2026,PEP
2025-12-21,The Bull Case For Graphic Packaging (GPK) Could Change Following CEO Shake-Up And Activist Backlash – Learn Why,PEP
2025-12-19,Is Analyst Scrutiny Of Incentive Costs And Integration Challenges Altering The Investment Case For Celsius (CELH)?,PEP
2025-12-18,Pemex Eyes New Production Chief Amid Mounting Output Challenges,PEP
2025-12-23,Altria vs. Philip Morris: Who Leads Tobacco's Next Chapter?,PM
2025-12-22,Altria Buyback Doubles to $2 Billion: Smart Timing or Signal of Peak?,PM
2025-12-21,Possible Bearish Signals With Philip Morris International Insiders Disposing Stock,PM
2025-12-20,Why I'm Positive on Philip Morris Despite the Sell-off,PM
2025-12-18,Has Altria Stock Been Good For Investors?,PM
2025-12-17,Is It Too Late to Consider Philip Morris International After its Strong Multi Year Run?,PM
2025-12-17,Lamb Weston Q2 Earnings on Deck: Key Factors You Should Understand,PM
2025-12-16,Ferrari Renews and Expands Partnership With Philip Morris (PM),PM
2025-12-16,Conagra Sets the Tone for Q2 Earnings: Things to Watch for CAG Stock,PM
2025-12-16,Assessing Philip Morris International (NYSE:PM) Valuation After Its Strong Multi‑Year Share Price Run,PM
2025-12-24,"Exchange-Traded Funds Higher, Equity Futures Mixed Pre-Bell Wednesday Ahead of Shortened Trading Week",NKE
2025-12-24,Forget 2025: This Dividend-Paying Value Stock Is Too Cheap to Ignore in 2026,NKE
2025-12-23,"Why Dutch Bros is a top stock pick for 2026, while Starbucks lags",SBUX
2025-12-24,"Armandino Batali, Seattle Chef Who Turned to Salami After Working at Boeing, Dies at 88",SBUX
2025-12-23,These Consumer Stocks Are Rejuvenated. They Have to Prove the Market Right in 2026.,SBUX
2025-12-22,56-year-old fast-food seafood chain closed over 800 restaurants,SBUX
2025-12-22,The world’s largest chain has made its U.S. debut,SBUX
2025-12-22,Starbucks hires technology chief from Amazon,SBUX
2025-12-22,3 Reasons to Buy Luckin Coffee Stock in 2026,SBUX
2025-12-21,Starbucks makes a bold move beyond coffee,SBUX
2025-12-19,Starbucks (SBUX) Stock Drops Despite Market Gains: Important Facts to Note,SBUX
2025-12-19,Starbucks taps Amazon's Anand Varadarajan as new chief technology officer,SBUX
2025-12-23,Can Lowe's Stock Rebound From Its Flat 2025?,LOW
2025-12-22,"US Stock Market Today: S&P 500 Futures Climb Amid Strong Housing, Sticky Inflation Jitters",LOW
2025-12-22,1 Safe-and-Steady Stock on Our Watchlist and 2 We Turn Down,LOW
2025-12-21,Is Lowe’s Still Attractive After Recent Share Price Stagnation?,LOW
2025-12-20,Is Lowe’s (LOW) Quietly Undervalued After Its Recent Pullback?,LOW
2025-12-23,Will TJX's Treasure-Hunt Appeal Boost Traffic This Holiday Season?,TJX
2025-12-23,TJX Corp. (TJX) Surged Following Results that Exceeded Expectations,TJX
2025-12-22,"UBS Asserts Buy Rating on The TJX Companies, Inc. (TJX) Buoyed by Market Share Gains Prospects",TJX
2025-12-21,Has TJX Stock’s 148% Five Year Surge Left Its Valuation Too Stretched in 2025?,TJX
2025-12-21,What to Monitor With TJX Stock in 2026,TJX
2025-12-21,TJX (TJX) Valuation Check After Strong 3-Month and 1-Year Share Price Gains,TJX
2025-12-20,Burlington Stores Offers More Than Coats to Keep Investors Warm This Winter,TJX
2025-12-20,Do You Own BJ Stock? You May Want to Sell and Buy TJX Instead.,TJX
2025-12-19,2025 retail roundup: The tug-of-war between narrative & numbers,TJX
2025-12-22,Could Booking’s Cost Cuts and Connected Trip Push Outweigh Rising EU Legal Risks for BKNG?,BKNG
2025-12-18,Travel Demand Still Rising in 2026? 4 Stocks to Ride the Boom,BKNG
2025-12-18,Here is What to Know Beyond Why Booking Holdings Inc. (BKNG) is a Trending Stock,BKNG
2025-12-17,Booking Holdings (BKNG): Valuation Check After Strong Q3 2025 Results and New viagogo Partnership,BKNG
2025-12-17,Why Analysts Have High Hopes For Booking Holdings Inc. (BKNG),BKNG
2025-12-16,2 Large-Cap Stocks to Consider Right Now and 1 Facing Headwinds,BKNG
2025-12-13,Jim Cramer Notes “Expedia’s the Cheaper Stock” Compared to Booking,BKNG
2025-12-13,Jim Cramer Calls Booking Holdings the “Superior Operator” Compared to Expedia,BKNG
2025-12-11,3 Stocks That May Be Priced Below Their Estimated Value In December 2025,BKNG
2025-12-11,"3 Stocks That in 20 Years Have Turned $5,000 Into More Than $1 Million",BKNG
2025-12-23,Spotlighting 3 Growth Companies With Strong Insider Ownership,EL
2025-12-23,1 Momentum  Stock Worth Investigating and 2 We Question,EL
2025-12-18,"Intel, Paramount are some of Wall Street's best comebacks of 2025",EL
2025-12-18,3 Beauty & Cosmetic Stocks Positioned Well for Sustainable Growth,EL
2025-12-18,Estee Lauder price target raised to $110 from $105 at Citi,EL
2025-12-17,A look at Estée Lauder’s valuation as fresh analyst upgrades highlight its ‘Beauty Reimagined’ turnaround story,EL
2025-12-17,Are Consumer Staples Stocks Lagging  The Estee Lauder Companies (EL) This Year?,EL
2025-12-17,Recession in 2026? 3 Solid Consumer-Staple Stocks for Safety,EL
2025-12-16,"Dow, S&P 500 Fall For Third Straight Day Following Jobs Report",EL
2025-12-16,"Top Stock Reports for Amazon.com, Toyota Motor & Intuit",EL
2025-12-24,Can Target Corporation (NYSE:TGT) Maintain Its Strong Returns?,TGT
2025-12-23,"Target, Walmart Pulled Into Formula Lawsuit",TGT
2025-12-23,Walmart Stock Is Falling -- New Lawsuit Is Hurting The Most,TGT
2025-12-23,Walmart's Ad Sales Jump 53%: Is Advertising Becoming a Profit Engine?,TGT
2025-12-22,"Who has the best last-minute holiday deals --Walmart, Amazon, or Target?",TGT
2025-12-22,US Equity Indexes Rise Amid Thin Trading Volumes; Gold Breaks Record,TGT
2025-12-22,"Target, Walmart, Whole Foods Targeted in Botulism Suits",TGT
2025-12-22,"Target Cuts Production Times, Keep Its Fashion Moving at Internet Speeds",TGT
2025-12-24,Warren Buffett steps down from Berkshire: What investors need to know,BRK-B
2025-12-23,Buffett’s $24 Billion Selling Spree: The 6 Stocks Berkshire Hathaway Dumped,BRK-B
2025-12-22,Warren Buffett’s Legacy: A Look At One of the Greatest Investors Of All Time,BRK-B
2025-12-22,Warren Buffett Departs With 64% of Berkshire Hathaway in 5 Stocks to Hold Forever,BRK-B
2025-12-21,Berkshire Hathaway (BRK.B): Assessing Valuation After a Recent Soft Patch in the Share Price,BRK-B
2025-12-20,3 things that define Warren Buffett's legacy,BRK-B
2025-12-20,This ETF Caught a Major Tailwind After the Fed’s Rate Cut,BRK-B
2025-12-19,Buffett Leaving Berkshire Creates a ‘Vacuum Risk’ and a $381 Billion Question,BRK-B
2025-12-18,Berkshire Hathaway's future without Buffett: The bull & bear case,BRK-B
2025-12-24,Big US banks add $600bn in value as deregulation spurs gains,JPM
2025-12-24,Is JPMorgan Stock a Buy for 2026 as it Hits an All-Time High?,JPM
2025-12-24,JPMorgan Mulls Entering Crypto Trading Business: What Does This Mean?,JPM
2025-12-24,Get your budget in order for 2026 with these expert financial tips,JPM
2025-12-24,JPMorgan wants out of paying the rest of Charlie Javice's legal bills — $161 seafood towers and all,JPM
2025-12-23,Regency Centers (REG) Rating Adjusted in JPMorgan’s 2026 Outlook,JPM
2025-12-23,General Dynamics Corporation (GD): A Dividend Aristocrat,JPM
2025-12-23,JPMorgan Is Exploring Crypto Trading for Institutional Clients,JPM
2025-12-23,"If You'd Invested $1,000 in Visa 10 Years Ago, Here's How Much You'd Have Today",V
2025-12-23,"Equities Rise Intraday; Gold, Silver Continues Record Run",V
2025-12-23,Visa vs. PayPal: Which Fintech Stock Has More Upside Today?,V
2025-12-23,Three Catalysts That Will Change How You Borrow Money,V
2025-12-23,"Visa, Mastercard See U.S. Apparel Sales Outpacing Holiday Average",V
2025-12-23,"Retail Holiday Spending Growth Decelerates Annually, Visa Report Shows",V
2025-12-23,"Old lender, new twist: Shanghai Commercial Bank teams up with HashKey on credit card",V
2025-12-23,How Investors Are Reacting To Akamai Technologies (AKAM) Expanding Its AI Cloud And Payments Security Ecosystem,V
2025-12-23,How New Analyst Views and Sector Pressures Are Rewriting the Story for Visa,V
2025-12-24,Mastercard partners Tencent MIDAS for digital payment transformation,MA
2025-12-24,This Mastercard Insider Reduced Their Stake By 43%,MA
2025-12-23,"Top Research Reports for Mastercard, GE Aerospace & Micron Technology",MA
2025-12-23,What should Fed do after hot Q3 GDP data? Wall Street weighs in,MA
2025-12-23,FAB and Mastercard launch mobile VCN solution in UAE for businesses,MA
2025-12-22,Mastercard Incorporated (MA) Partners with LoanPro to Offer Loan on Card,MA
2025-12-24,"Micron surge is bullish for these other stocks, says Bank of America",BAC
2025-12-24,BofA data shows largest equity outflows in nearly two months,BAC
2025-12-23,UPS Volume Outlook Improves Modestly in Bank of America Update,BAC
2025-12-23,Wells Fargo Eyes Options Clearing to Strengthen Wall Street Footprint,BAC
2025-12-23,Why This 1 Finance Stock Could Be a Great Addition to Your Portfolio,BAC
2025-12-23,Citigroup or Bank of America: Which Big Bank is the Better 2026 Bet?,BAC
2025-12-24,Senator McConnell Buys The Same Stock Every Quarter: Here's Why,WFC
2025-12-24,Arcellx (ACLX) Valuation Check After Wells Fargo Launches Coverage on Its Multiple Myeloma CAR‑T Program,WFC
2025-12-23,"Wells Fargo Sees Prolonged Trough Conditions for Chemicals, Downgrades EMN",WFC
2025-12-23,Tracking the Evolving Cummins Narrative After Shifting Analyst Views,WFC
2025-12-22,Sector Update: Financial Stocks Rise Late Afternoon,WFC
2025-12-22,2026 outlook: Big Banks are getting back their 'earnings mojo',WFC
2025-12-22,Sector Update: Financial Stocks Advance Monday Afternoon,WFC
2025-12-22,Market Chatter: Wells Fargo to Enter Options Clearing Market,WFC
2025-12-22,"The Zacks Analyst Blog Highlights Walmart, Wells Fargo, Thermo Fisher Scientific, Seneca Foods and NetSol Technologies",WFC
2025-12-24,Are You Doubting Santa Rally? 4 Low P/E Momentum ETFs to Play,GS
2025-12-24,How the Narrative Surrounding Mercedes-Benz Has Shifted Amid Upgraded Targets and Persistent Risks,GS
2025-12-23,Will Mutual Funds Stretch Their Bull Run To Four Years in 2026?,GS
2025-12-23,Jim Cramer Believes “Goldman Sachs May Be Growing Faster Than Almost All the Stocks in Tech”,GS
2025-12-23,"The Key To Boosting Your Retirement Savings, According to Goldman Sachs",GS
2025-12-23,M&As Are Heating Up: 3 Investment Bank Stocks to Benefit in 2026,GS
2025-12-23,This Market Beat U.S. Stocks This Year. The Case to Buy Into a 2026 Rally.,GS
2025-12-23,GS or MS: Which IB Stock Should You Buy on Solid 2026 Prospects?,GS
2025-12-24,Survey: Tariff costs to drive further U.S. price hikes in 2026,MS
2025-12-23,Analysts See a 19% Upside to Northrop Grumman Corporation (NOC),MS
2025-12-23,Top 5 High-Yield S&P 500 Stocks to Buy for Reliable Returns in 2026,MS
2025-12-23,This popular stock is +108% YTD. Morgan Stanley says more gains to come in 2026,MS
2025-12-23,Is job growth really negative right now? Morgan Stanley answers,MS
2025-12-24,"Why Is Crypto Down Today? – December 24, 2025",BLK
2025-12-24,Should You Invest in the iShares U.S. Energy ETF (IYE)?,BLK
2025-12-24,Should iShares S&P Mid-Cap 400 Growth ETF (IJK) Be on Your Investing Radar?,BLK
2025-12-24,BlackRock Staffing Up For Next Phase Of Crypto Expansion,BLK
2025-12-23,Money Manager Franklin Resources Yields 5.4% After Another Dividend Hike,BLK
2025-12-23,UBS Workforce Reduction: Turning Integration Synergies Into Efficiency,BLK
2025-12-23,Will XRP Hit $5 in 2026? 5 Catalysts That Could Make It Happen—And 3 Risks That Won’t,BLK
2025-12-23,Should You Invest in the iShares U.S. Medical Devices ETF (IHI)?,BLK
2025-12-23,What to Expect From American Express' Q4 2025 Earnings Report,AXP
2025-12-23,1 S&P 500 Stock with Exciting Potential and 2 Facing Headwinds,AXP
2025-12-23,Is American Express (AXP) Overpriced After Its Recent Steady Share Price Climb?,AXP
2025-12-23,How Investors Are Reacting To American Express (AXP) Holiday Spending Strength And Reaffirmed Dividend Commitment,AXP
2025-12-22,AFRM vs. AXP: Which Fintech Play is the Better Bet for 2026?,AXP
2025-12-19,This Is The Ultimate Warren Buffett Stock: Is It A Buy Now Amid Managerial Shakeups?,AXP
2025-12-19,3 Soaring Stocks to Hold for the Next 20 Years,AXP
2025-12-24,Japan M&A boom drives Citigroup and Daiwa hiring push – report,C
2025-12-24,Monday.com price target lowered to $293 from $319 at Citi,C
2025-12-23,Wall Street Has a Consensus Hold Rating on Textron Inc. (TXT),C
2025-12-23,Why Marvell Technology (MRVL) Stock Is Trading Up Today,C
2025-12-22,Citigroup (C) Outpaces Stock Market Gains: What You Should Know,C
2025-12-24,"Charles Schwab (SCHW): Valuation Check After Forge Global Deal, Crypto Plans and Platform Upgrades",SCHW
2025-12-23,"Schwab and Robinhood Will  Match U.S. Government’s $1,000 Gift to Trump Accounts",SCHW
2025-12-23,Why Schwab Raised Asset Minimums on ‘Fly Paper’ Referral Program,SCHW
2025-12-22,Here's Why The Charles Schwab Corporation (SCHW) is a Strong Momentum Stock,SCHW
2025-12-22,IBKR Seeks National Trust Bank Charter: What it Means & Why it Matters,SCHW
2025-12-22,Robinhood and the merry apps — platforms offering extended stock trading,SCHW
2025-12-21,Analysts Get Bullish on Charles Schwab (SCHW),SCHW
2025-12-21,Why Analysts See Forge Global’s Story Shifting After Schwab’s $650 Million Cash Deal,SCHW
2025-12-20,Prediction Markets Will Make the Stock Market Obsolete. Yes or No?,SCHW
2025-12-23,World Stocks Poised to End Year Way Ahead of the S&P 500,SPGI
2025-12-23,Stocks Slip Ahead of GDP Data. S&P 500 Sits Just Below Record High.,SPGI
2025-12-21,S&P Global (SPGI) Acquires With Intelligence for $1.8 Billion,SPGI
2025-12-21,"This AI Stock Could Soar 47% in 2026, According to 1 Wall Street Analyst (Hint: It's Not Nvidia)",SPGI
2025-12-19,Business Lookahead: Ho-ho-holding on for year-end,SPGI
2025-12-19,RXO Valuation After BofA EBITDA Cut and S&P Outlook Downgrade: Is the Recent Rebound Mispriced?,SPGI
2025-12-18,"S&P, Nasdaq on Pace for Best CPI Day Since January",SPGI
2025-12-18,Reassessing S&P Global (SPGI): Is a 36.7x P/E Too High After Its Recent 4% Share Price Gain?,SPGI
2025-12-18,"CME Outperforms Industry, Trades at a Discount: Time to Hold?",SPGI
2025-12-18,"CBOE Outperforms Industry, Trades at a Discount: How to Play the Stock",SPGI
2025-12-24,3 Stocks That Investors Might Be Undervaluing By Up To 32.3%,LLY
2025-12-24,"Novo’s Wegovy pill is planned to enter U.S. self-pay channels, Reuters says",LLY
2025-12-24,How Early Zugo-cel Data and Lilly Partnership Could Impact CRISPR Therapeutics (CRSP) Investors,LLY
2025-12-24,The U.S. Offered Putin’s Closest Ally Sanctions Relief—and a Weight-Loss Drug,LLY
2025-12-23,Health Care Roundup: Market Talk,LLY
2025-12-23,"Stock Market Today, Dec. 23: Novo Nordisk Surges After FDA Approves Oral Wegovy Weight Loss Pill",LLY
2025-12-23,Wegovy Pill Approval Sends Novo Nordisk Stock Soaring. What It Means for Eli Lilly.,LLY
2025-12-23,Novo Nordisk Jumps As FDA OKs Wegovy Pill As First-Ever Oral GLP-1 Weight Loss Drug,LLY
2025-12-23,Novo Nordisk Strikes First With Oral Wegovy — But Can It Outrun Lilly’s Looming Pill?,LLY
2025-12-24,Here’s Why Johnson & Johnson (JNJ) Surged in Q3,JNJ
2025-12-24,Is Johnson & Johnson’s (JNJ) Recent Rally Still Leaving the Stock Undervalued?,JNJ
2025-12-23,Sector Update: Health Care Stocks Mixed Late Afternoon,JNJ
2025-12-23,Will the Recent Pricing Deal With the Government Impact BMY's Sales?,JNJ
2025-12-23,Sector Update: Health Care Stocks Mixed in Afternoon Trading,JNJ
2025-12-23,JNJ's Tremfya Gets EU Approval for Pediatric Plaque Psoriasis,JNJ
2025-12-23,J&J Hit With $1.5 Billion Talc Verdict,JNJ
2025-12-23,Johnson & Johnson Ordered to Pay $1.56 Billion in Maryland Talc Verdict,JNJ
2025-12-23,Stormy 2026? 3 Defensive Stocks to Weather a Recession,JNJ
2025-12-23,How UnitedHealth Became the Worst Dow Stock of 2025,UNH
2025-12-23,eHealth's Guidance Update: Here's What a Strong AEP Signals,UNH
2025-12-23,ServiceNow to buy Armis for $7.75 billion as AI-fueled cyber risks surge,UNH
2025-12-22,Here's Why UnitedHealth Group (NYSE:UNH) Has A Meaningful Debt Burden,UNH
2025-12-22,UnitedHealth commits to changes after independent review,UNH
2025-12-21,Where is UnitedHealth Group (UNH) Headed According to Wall Street?,UNH
2025-12-21,"Morgan Stanley asks: Is UNH ""the CVS of 2026""?",UNH
2025-12-19,UnitedHealth vows to be a better company amid layoffs,UNH
2025-12-19,Health Insurer Stocks Spooked as Trump Asks for Lower Premiums,UNH
2025-12-24,2 Dividend Kings Quietly Beating the Market This Year,ABBV
2025-12-23,ABBV vs. AZN: Which Pharma Stock is the Better Investment Now?,ABBV
2025-12-23,5 Big Drug Stocks That May Continue to Outperform in 2026,ABBV
2025-12-23,3 Stocks Estimated To Be Trading Below Fair Value By Up To 46%,ABBV
2025-12-23,Strategists are bullish on healthcare in 2026: 3 top stock picks,ABBV
2025-12-23,Beyond Botox: AbbVie’s push for broader gains in neurotoxin R&D,ABBV
2025-12-22,What AbbVie (ABBV)'s Restructured OSE Immunology Partnership Means For Shareholders,ABBV
2025-12-22,Bet on These Top-Ranked Healthcare ETFs Before 2025 Ends,ABBV
2025-12-22,Want Decades of Passive Income? 3 Stocks to Buy Now and Hold Forever,ABBV
2025-12-23,Wall Street Analysts Think Merck (MRK) Is a Good Investment: Is It?,MRK
2025-12-22,"“Merck (MRK) is an Inexpensive Stock,” Says Jim Cramer",MRK
2025-12-22,Drug Sector on a High as 9 Drugmakers Strike Drug Pricing Deals,MRK
2025-12-22,This Pharma Stock Had a Rough Year. Why One Analyst Thinks It Can Rise 250%.,MRK
2025-12-22,Radiopharmaceutical specialist Aktis seeks an IPO,MRK
2025-12-21,Jim Cramer Discusses Kura Oncology as a Speculative Bet,MRK
2025-12-19,"Dow Jones' Merck, Other Drugmakers Strike Drug-Pricing Bargains With Trump",MRK
2025-12-19,"Top Research Reports for NVIDIA, Netflix & Merck",MRK
2025-12-19,Trump reaches deal with 9 drug companies to lower prices,MRK
2025-12-24,2 S&P 500 Stocks Worth Investigating and 1 We Avoid,TMO
2025-12-23,Favorable Results and Improved Guidance Lifted Thermo Fisher Scientific (TMO) in Q3,TMO
2025-12-23,Thermo Fisher Scientific Insiders Sold US$3.6m Of Shares Suggesting Hesitancy,TMO
2025-12-22,"Beat the Market the Zacks Way: Micron, Credo, Coca Cola in Focus",TMO
2025-12-22,TMO Stock May Benefit From PPD CorEvitas Alzheimer's Registry Launch,TMO
2025-12-22,Q3 Earnings Highlights: Thermo Fisher (NYSE:TMO) Vs The Rest Of The Research Tools & Consumables Stocks,TMO
2025-12-20,Analysts See 12% Upside To Thermo Fisher Scientific Inc. (TMO),TMO
2025-12-19,"Top Stock Reports for Walmart, Wells Fargo & Thermo Fisher Scientific",TMO
2025-12-19,How Investors May Respond To Thermo Fisher Scientific (TMO) Expanding Alzheimer’s Registry And Bioprocessing Tools,TMO
2025-12-24,How Well Is Boston Scientific Placed for Long-Term Endoscopy Growth?,ABT
2025-12-23,Abbott Stock May Benefit Following Volt PFA's FDA Approval,ABT
2025-12-23,Is Abbott Laboratories Attractively Priced After Recent Share Price Gains And DCF Concerns?,ABT
2025-12-23,This Dividend Stock Just Scored an FDA Win. Should You Buy Shares Now?,ABT
2025-12-23,Should You Hold On To BSX Stock Despite Its Premium Valuation?,ABT
2025-12-23,Abbott Wins FDA Clearance for Volt,ABT
2025-12-22,Broadcom Just Raised Its Dividend—But It’s Not the Only One Signaling Strength,ABT
2025-12-22,Investors in Abbott Laboratories (NYSE:ABT) have seen returns of 27% over the past five years,ABT
2025-12-19,Pharma's $370B Bet on America: The ETF Plays for 2026,ABT
2025-12-18,Abbott (ABT): Assessing Valuation After New Regulatory Wins for Its Pediatric Heart Device Innovation,ABT
2025-12-24,Did a Hympavzi Trial Death and Tighter Guidance Just Reframe Pfizer's (PFE) Risk–Reward Story?,PFE
2025-12-23,Pfizer (PFE) Stock Slides as Market Rises: Facts to Know Before You Trade,PFE
2025-12-23,Pfizer Stock Is Down -- Patient Death in Hemophilia Study Raises Safety Concerns,PFE
2025-12-22,Positive Phase 3 PADCEV–Keytruda Bladder Cancer Data Could Be A Game Changer For Astellas Pharma (TSE:4503),PFE
2025-12-22,Should You Forget Novo Nordisk and Buy This Magnificent High-Yield Drug Stock Instead?,PFE
2025-12-22,Reassessing Astellas Pharma (TSE:4503) Valuation After Positive PADCEV-Keytruda Phase 3 Bladder Cancer Results,PFE
2025-12-24,Intuitive Surgical vs. Stryker: Which MedTech Stock Has More Upside?,SYK
2025-12-22,"Citi Cuts Stryker (SYK) PT, Maintains Buy Amid Leadership Changes",SYK
2025-12-19,Why Analysts Think Stryker’s Story Is Shifting As Valuation Gets More Sensitive To Growth,SYK
2025-12-19,"Circle Internet initiated, Lyft downgraded: Wall Street's top analyst calls",SYK
2025-12-19,"Here Are Friday’s Top Wall Street Analyst Research Calls: Birkenstock, Coreweave, Lockheed Martin, Lyft, Paccar, Stryker, Synaptics, and More",SYK
2025-12-18,"What Makes Stryker Corp. (SYK) a High-Quality, Defensive Compounder?",SYK
2025-12-18,Will Direct Distribution in Southern Europe Boost ISRG's Margins?,SYK
2025-12-18,What Stryker (SYK)'s Dividend Hike and Leadership Shift Means For Shareholders,SYK
2025-12-17,Is Stryker’s Premium Price Still Justified After Recent Flat Share Performance?,SYK
2025-12-16,"Roku upgraded, Lockheed downgraded: Wall Street's top analyst calls",SYK
2025-12-21,Goldman Sachs and KeyBanc are Bullish on Danaher (DHR),DHR
2025-12-20,Danaher (NYSE:DHR) shareholders have endured a 0.9% loss from investing in the stock three years ago,DHR
2025-12-18,Will Strength in Biotechnology Unit Continue to Drive Danaher's Growth?,DHR
2025-12-16,Is It Time To Consider Buying Danaher Corporation (NYSE:DHR)?,DHR
2025-12-16,InnovAge (INNV) Moves 7.8% Higher: Will This Strength Last?,DHR
2025-12-15,3 Mid-Cap Stocks We Find Risky,DHR
2025-12-11,Is Danaher Stock Still Attractive After Its Recent 9.1% Price Jump?,DHR
2025-12-10,Should Goldman’s Bioprocessing Call and Dividend Steadiness Require Action From Danaher (DHR) Investors?,DHR
2025-12-09,"Goldman Sachs starts Life Sciences Tools coverage, rates these 3 stocks at Buy",DHR
2025-12-24,Update: Gilead Sciences to Acquire Repare Therapeutics' Investigational Cancer Treatment; Repare Shares Rise,GILD
2025-12-23,GILD Exercises Option to License Assembly Bio's Herpes Programs,GILD
2025-12-22,Gilead Sciences Exercises Option With Assembly Bio to License Herpes Drugs,GILD
2025-12-22,"Dow Jones Futures Rise; Palantir, GE Lead 12 Stocks In Buy Zones",GILD
2025-12-19,"Nine Drugmakers Strike Deals With Trump, With More to Come",GILD
2025-12-19,Sector Update: Health Care Stocks Rise Late Afternoon,GILD
2025-12-19,Why Gilead Sciences (GILD) Stock Is Up Today,GILD
2025-12-19,Nine Big Drugmakers Reach Pricing Deals With White House,GILD
2025-12-23,Vertex Pharmaceuticals Incorporated (VRTX) Is a Trending Stock: Facts to Know Before Betting on It,VRTX
2025-12-23,Vertex Pharmaceuticals (VRTX): Valuation Check After Positive CASGEVY Pediatric Data and Kidney Disease Breakthrough Progress,VRTX
2025-12-22,2 Cash-Producing Stocks to Consider Right Now and 1 We Find Risky,VRTX
2025-12-18,2 Reasons to Watch VRTX and 1 to Stay Cautious,VRTX
2025-12-17,Vertex Pharmaceuticals (VRTX) Registers a Bigger Fall Than the Market: Important Facts to Note,VRTX
2025-12-13,Is Vertex Pharmaceuticals Fairly Priced After Recent Gains and Expanding Pipeline in 2025?,VRTX
2025-12-13,How Investors Are Reacting To Vertex Pharmaceuticals (VRTX) Pediatric CASGEVY Data And Accelerated FDA Review,VRTX
2025-12-12,2 Healthcare Stocks to Buy Ahead of the New Year,VRTX
2025-12-12,Investors Heavily Search Vertex Pharmaceuticals Incorporated (VRTX): Here is What You Need to Know,VRTX
2025-12-11,"Earnings update: Zoom, Virgin Galactic, Nvidia, Warner Bros Discovery and more",VRTX
2025-12-24,Should You Be Excited About Amgen Inc.'s (NASDAQ:AMGN) 73% Return On Equity?,AMGN
2025-12-23,Novo Nordisk vs. Amgen: Which Healthcare Stock Is the Smarter Choice?,AMGN
2025-12-22,Amgen (AMGN) Outpaces Stock Market Gains: What You Should Know,AMGN
2025-12-20,Has Amgen’s 26% Rally in 2025 Already Priced In Its Obesity and Oncology Ambitions?,AMGN
2025-12-19,More Drugmakers Reach Deals With White House to Lower Prices,AMGN
2025-12-24,Is Bristol Myers Squibb (BMY) Still Undervalued After Its Recent Share Price Rebound?,BMY
2025-12-23,Bristol-Myers (BMY) Offers Eliquis Free to Medicaid Patients Under New Pricing Pact,BMY
2025-12-23,Are You a Momentum Investor? This 1 Stock Could Be the Perfect Pick,BMY
2025-12-22,"Cytokinetics Wins FDA Approval for Cardiovascular Drug, Stock up",BMY
2025-12-21,FDA Approves Bristol-Myers Squibb’s Breyanzi as First-Ever CAR T Therapy for Rare Marginal Zone Lymphoma,BMY
2025-12-21,Cytokinetics set to battle Bristol Myers as FDA approves heart drug,BMY
2025-12-23,"The Zacks Analyst Blog Highlights Cardinal Health, Medtronic, Intuitive Surgical and Edwards Lifesciences",MDT
2025-12-22,Is It Too Late To Consider Medtronic After Its Strong 2025 Share Price Rally?,MDT
2025-12-22,MDT vs. ESLOY: Which Stock Is the Better Value Option?,MDT
2025-12-22,4 Large-Cap MedTech Stocks to Keep Winning Streaks Alive in 2026,MDT
2025-12-22,Stifel Maintains Hold on Medtronic (MDT) After FDA Approves HUGO System,MDT
2025-12-22,Medtronic’s diabetes spinoff MiniMed files for IPO,MDT
2025-12-20,3 Top Dividend Stocks I Plan to Buy Hand Over Fist in 2026,MDT
2025-12-20,Does Medtronic plc's (NYSE:MDT) Weak Fundamentals Mean That The Stock Could Move In The Opposite Direction?,MDT
2025-12-24,This Medical Robotics Name Wins FDA Greenlight; Its Stock Nears A Buy Point,ISRG
2025-12-23,How FDA Clearance Expanding da Vinci SP into General Surgery Will Impact Intuitive Surgical (ISRG) Investors,ISRG
2025-12-23,"Is Trending Stock Intuitive Surgical, Inc. (ISRG) a Buy Now?",ISRG
2025-12-23,Intuitive Surgical Earnings Preview: What to Expect,ISRG
2025-12-22,Baird Reaffirms Buy on Intuitive Surgical (ISRG) After New FDA Clearances,ISRG
2025-12-22,1 Volatile Stock for Long-Term Investors and 2 Facing Headwinds,ISRG
2025-12-21,Truist and RBC Capital Raise Price Targets on Intuitive Surgical (ISRG),ISRG
2025-12-23,Rising Geopolitical Tensions - 3 Defense Stocks to Watch in 2026,GE
2025-12-22,Aerospace IPO Stock Goes Supersonic With 370% Gain On Day 3,GE
2025-12-22,Breakout Watch: Aerospace Giant Flies Toward Record High,GE
2025-12-22,Stock Of The Day In Buy Zone With Business 'Firing On All Cylinders',GE
2025-12-22,All You Need to Know About GE (GE) Rating Upgrade to Buy,GE
2025-12-22,"Trillion-Dollar Market Leader to Emerge from Aerospace and Defense Sector Within 5 Years, According to Citi",GE
2025-12-21,Northrop Grumman Corp. (NOC) Secures $100M Missile Weapon System Contract as Analyst Optimism Grows,GE
2025-12-20,"Palantir, AppLovin Lead Five Stocks In Buy Zones As Market Revs Up",GE
2025-12-23,"Trump calls out defense contractors, gold & silver extend gains",RTX
2025-12-23,RTX awarded $841.68M Army contract,RTX
2025-12-22,RTX (RTX) Outpaces Stock Market Gains: What You Should Know,RTX
2025-12-22,Textron to Supply Beechcraft T-6 Texan II Training System to Japan,RTX
2025-12-20,Shift in Modern Warfare Turns Defense Firms Into Growth Stocks,RTX
2025-12-19,Palantir Stock's Valuation: Overstretched or Rightfully Earned?,RTX
2025-12-23,"With 78% institutional ownership, Honeywell International Inc. (NASDAQ:HON) is a favorite amongst the big guns",HON
2025-12-23,Should Solstice’s Shift Into Mid and Small‑Cap Indexes Reshape the Core Investment Case for SOLS?,HON
2025-12-23,1 of Wall Street’s Favorite Stock to Research Further and 2 We Turn Down,HON
2025-12-22,Honeywell International Inc. (HON) Stock Sinks As Market Gains: What You Should Know,HON
2025-12-22,"Wall Street Advances as Holiday-Shortened Trading Week Begins; Gold, Silver Hit Record Highs",HON
2025-12-22,Honeywell Stock Is Down on a Litigation Charge. Why It Shouldn’t Be.,HON
2025-12-22,"Dominion wind farm project on pause, Honeywell cuts Q4 outlook",HON
2025-12-22,"Equity Markets Rise Intraday; Gold, Silver Reach New Highs",HON
2025-12-22,Top Midday Stories: Nvidia Said to Start H200 Shipments to China by Mid-February; Alphabet to Buy Intersect for $4.75 Billion,HON
2025-12-22,Renewed AI Chip Enthusiasm Boosts US Equity Futures While War Jitters Lift Oil,HON
2025-12-24,Why the ‘Everyone’s a Winner’ Energy Trade Can’t Last Forever,CAT
2025-12-23,Wall Street Sees Cyclicals Rallying as Economic Growth Picks Up,CAT
2025-12-22,Caterpillar (CAT) Outpaces Stock Market Gains: What You Should Know,CAT
2025-12-22,Is It Too Late To Consider Caterpillar After Its 60% 2025 Rally?,CAT
2025-12-22,How Caterpillar Crushed the Magnificent 7 in 2025 — And It’s Not Done Yet!,CAT
2025-12-22,Caterpillar Inc. (CAT) Is a Trending Stock: Facts to Know Before Betting on It,CAT
2025-12-22,Wall Street Firms Bullish on Caterpillar Inc. (CAT) on Industry Outlook amid Dividend Offering,CAT
2025-12-21,Here's your big free reminder on AI stocks for 2026,CAT
2025-12-19,3 Manufacturing Stocks Benefiting From Supply-Chain Shifts Into 2026,CAT
2025-12-19,Do Patent Suits And Automation Ambitions Shift CAT’s (CAT) Long-Term Services-Led Strategy?,CAT
2025-12-23,Is Union Pacific Fairly Priced After Recent Freight and Infrastructure Developments?,UNP
2025-12-23,2 Dividend Paying Stocks From the Railroad Industry You Should Count On,UNP
2025-12-22,STB asks comments on ‘completeness’ of rail merger application,UNP
2025-12-22,2 Profitable Stocks with Exciting Potential and 1 Facing Challenges,UNP
2025-12-21,"Barclays Raises Union Pacific (UNP) Price Target, Keeps Overweight Rating",UNP
2025-12-21,Union Pacific: The Velocity Thesis,UNP
2025-12-19,"Union Pacific, Norfolk Southern File Merger Application as Teamsters Object",UNP
2025-12-19,"UP, NS: Merger will create 10,000 single-line service lanes, shift 105k truckloads to rail",UNP
2025-12-19,"Union Pacific, Norfolk Southern File for Merger Approval From Surface Transportation Board",UNP
2025-12-24,Is the Stock Market Open Today? Here Are the Trading Hours for Christmas Eve and Christmas Day.,UPS
2025-12-23,Does Recent Cost Restructuring Make UPS Attractive at Current 2025 Price Levels?,UPS
2025-12-22,Where Will UPS Stock Be in 1 Year?,UPS
2025-12-22,"One Shipping Leader Grew Revenue 13.9% While Its Rival Cut 48,000 Jobs",UPS
2025-12-19,UPS Under $100: Your Last Chance to Buy?,UPS
2025-12-19,FedEx Earnings Were Strong.  Cost Cuts and Shipment Volume Helped.,UPS
2025-12-24,Does Boeing’s Rebound and Safety Scrutiny Leave Further Share Price Upside in 2025?,BA
2025-12-23,Can Howmet Sustain Growth as Commercial Aerospace Demand Surges?,BA
2025-12-23,October Durable Goods Orders Fall as Aircraft Demand Tumbles,BA
2025-12-23,Ryanair Shares Surge 55% as Buyback and Earnings Lift Stock,BA
2025-12-23,Jim Cramer Highlights Alphabet’s Diverse Portfolio,BA
2025-12-22,ULA President and CEO Tory Bruno steps down,BA
2025-12-22,"RKLB, ASTS, TDG: Insiders are Selling These 3 Space Stocks",BA
2025-12-21,Boeing (BA) Secures Major Navy Contract as Ratings Agencies Turn More Positive,BA
2025-12-24,Forget FMC: Instead Buy This Unstoppable Farming Titan That's Up 11% in 2025 and Still Running,DE
2025-12-23,Deere (DE) Is Considered a Good Investment by Brokers: Is That True?,DE
2025-12-23,How Recent Shifts in Tech and Cycles Are Rewriting the Story for Deere,DE
2025-12-23,John Deere agrees to buy US construction tech firm Tenna,DE
2025-12-22,3 Low-Volatility Stocks with Questionable Fundamentals,DE
2025-12-17,Jim Cramer Recommends Deere Over Cummins (CMI),DE
2025-12-17,Deere & Company (DE) Is a Trending Stock: Facts to Know Before Betting on It,DE
2025-12-16,Agricultural Machinery Stocks Q3 In Review: Deere (NYSE:DE) Vs Peers,DE
2025-12-13,"Jim Cramer Calls Deere’s New Long-Term Financial Forecasts “Very, Very Bullish”",DE
2025-12-24,KTOS vs. LMT: Which Defense Stock Is Better at Innovation?,LMT
2025-12-23,This Recent IPO Drops 59% After Big Rise. What’s Behind the Wild Swings.,LMT
2025-12-23,JP Morgan Downgrades Lockheed Martin Corporation (LMT) Citing Cash Flow Concerns,LMT
2025-12-23,Should You Buy FJET Stock After the Starfighters Space IPO?,LMT
2025-12-23,"Quantum Enablers Poised for 40% Plus Growth in 2026: INTC, AVGO & TER",LMT
2025-12-23,"Rocket Lab Stock Has Been a December Darling. It Has More Room to Rise, Say Analysts.",LMT
2025-12-23,L3Harris Wins $843M Deal to Produce 18 Infrared Satellites for SDA,LMT
2025-12-18,Forget the Chips: 4 Industrial Plays for the AI Rebound,ETN
2025-12-17,Here's Why Eaton (ETN) Fell More Than Broader Market,ETN
2025-12-15,"Eaton Insiders Sell US$21m Of Stock, Possibly Signalling Caution",ETN
2025-12-14,Eaton Corp. (ETN) Stock May Have Bottomed According to Wolfe Research,ETN
2025-12-12,ENS or ETN: Which Is the Better Value Stock Right Now?,ETN
2025-12-11,Is Eaton (ETN) Quietly Redefining Its Power Infrastructure Role With Data Center And Microgrid Bets?,ETN
2025-12-11,The Return Trends At Eaton (NYSE:ETN) Look Promising,ETN
2025-12-10,"Synopsys upgraded, Warner Bros. downgraded: Wall Street’s top analyst calls",ETN
2025-12-10,"Eaton Corporation, PLC (ETN) is Attracting Investor Attention: Here is What You Should Know",ETN
2025-12-09,Wall Street Analysts See Eaton (ETN) as a Buy: Should You Invest?,ETN
2025-12-24,Market Chatter: Russian President Extends Exxon Mobil's Sakhalin 1 Stake Sale Deadline,XOM
2025-12-23,Three Dividend Stocks To Consider For Your Portfolio,XOM
2025-12-23,"Zacks Industry Outlook Highlights Exxon Mobil, Halliburton, Baker Hughes and Oceaneering International",XOM
2025-12-23,Sable Offshore Surges On Pipeline Permit; Phil Mickelson Still Under Water,XOM
2025-12-23,Oil ETFs Rally Amid Intensifying U.S.-Venezuela Tension,XOM
2025-12-22,Exxon Mobil (XOM) Surpasses Market Returns: Some Facts Worth Knowing,XOM
2025-12-22,ExxonMobil Targets February Launch for Trinidad Seismic Survey,XOM
2025-12-22,NOV Wins ExxonMobil Guyana Contract for Hammerhead Subsea System,XOM
2025-12-22,3 Oilfield Services Stocks Set to Gain From Solid Industry Prospects,XOM
2025-12-24,Chevron: the only foreign oil company left in Venezuela,CVX
2025-12-23,Chevron Doubles Down on Venezuela as U.S. Pressure and Production Risks Mount,CVX
2025-12-23,Some Oil Tankers Set Sail From Venezuela Despite US Pressure,CVX
2025-12-23,The Smartest High-Yield Energy Stocks to Buy With $500 Right Now,CVX
2025-12-23,Energy Transition Update - Canada's New Renewable Hubs Fuel Biomass Energy Revolution,CVX
2025-12-23,Jim Cramer Says Eli Lilly’s GLP-1 Pill Is “Going to Revolutionize Everything”,CVX
2025-12-22,Chevron (CVX) Laps the Stock Market: Here's Why,CVX
2025-12-22,Trump’s Venezuela ‘Armada’ Is Lifting Oil Prices. How Investors Can Play the Chaos.,CVX
2025-12-23,3 US Integrated Energy Stocks to Watch Despite Industry Challenges,COP
2025-12-22,"If You Own Occidental Petroleum Stock, Take A Look At This Instead",COP
2025-12-21,The Returns On Capital At CompuGroup Medical SE KGaA (HMSE:COP) Don't Inspire Confidence,COP
2025-12-19,1 High-Yield Dividend Stock I'd Buy Before ConocoPhillips in 2026,COP
2025-12-19,ConocoPhillips Stock Still Looks 18% Undervalued - How to Play COP Stock?,COP
2025-12-19,Subsea7 Secures EPCI Contract From ConocoPhillips Offshore Norway,COP
2025-12-19,How ExxonMobil Survives Oil Price Cycles and Rewards Shareholders,COP
2025-12-19,Subsea7 secures EPCI contract for PPF project offshore Norway,COP
2025-12-18,ConocoPhillips (COP) Stock Declines While Market Improves: Some Information for Investors,COP
2025-12-24,What SLB (SLB)'s Long-Term Aramco Unconventional Gas Contract Means For Shareholders,SLB
2025-12-23,Revisiting Schlumberger’s (SLB) Valuation After Its Recent Steady Share Price Rebound,SLB
2025-12-23,Is SLB (SLB) a Buy as Wall Street Analysts Look Optimistic?,SLB
2025-12-23,SLB Earnings Preview: What to Expect,SLB
2025-12-17,SLB (SLB) Gains As Market Dips: What You Should Know,SLB
2025-12-17,Here is What to Know Beyond Why SLB Limited (SLB) is a Trending Stock,SLB
2025-12-16,Is SLB Offering Value After Mixed Returns And Strong Cash Flow Forecasts In 2025?,SLB
2025-12-15,SLB Signs Strategic Collaboration Agreement with Shell,SLB
2025-12-11,SLB (SLB) Exceeds Market Returns: Some Facts to Consider,SLB
2025-12-11,"SLB, Shell partner to develop AI-powered solutions for energy industry",SLB
2025-12-22,"UBS Reaffirms Buy on Linde (LIN) at $500, Sees 10%+ EPS Growth",LIN
2025-12-19,Insider Buying And Hydrogen Bets Might Change The Case For Investing In Linde (LIN),LIN
2025-12-19,Here’s What Wall Street Thinks About Linde plc (LIN),LIN
2025-12-19,Jim Cramer Notes Linde “Has Tremendous Pricing Power”,LIN
2025-12-19,"Linde (LIN) Isn’t Seeing US Reshoring, Says Jim Cramer",LIN
2025-12-06,CICC Initiates Linde (LIN) With Outperform as Earnings Hit New Highs,LIN
2025-12-06,Is Linde Fairly Priced After Recent Share Price Pullback?,LIN
2025-12-05,How Investors Are Reacting To Linde (LIN) After Cramer’s Critique And New Credit Facility,LIN
2025-12-05,Reassessing Linde (LIN) Valuation After Media Scrutiny on Its Recent Stock Underperformance,LIN
2025-12-05,Jim Cramer on Linde: “This Stock Has Just Been Nothing But Nastiness”,LIN
2025-12-23,How AI-Linked Power Deals And Dividend Plans At NextEra Energy (NEE) Have Changed Its Investment Story,NEE
2025-12-23,NextEra Energy's Q4 2025 Earnings: What to Expect,NEE
2025-12-23,Eversource Energy to Benefit From Strategic Infrastructure Investments,NEE
2025-12-23,Dividend Stocks Are Poised to Perform Well in 2026 -- Here Are 2 of the Best Dividend Stocks to Buy Now,NEE
2025-12-22,Google To Acquire Clean Energy Firm Intersect For $4.75 Billion,NEE
2025-12-22,"BMO, BTIG Reaffirm Bullish Outlook on NextEra Energy (NEE)",NEE
2025-12-22,GE Vernova vs. NextEra Energy: Which Energy Transition Stock Is Better?,NEE
2025-12-22,These Infrastructure Stocks Could Quietly Power the AI Revolution,NEE
2025-12-21,Duke Energy Corporation (DUK) Proposes New Investments In North Carolina,DUK
2025-12-20,The Bull Case For Duke Energy (DUK) Could Change Following Finance Shake-Up Amid AI Power Boom,DUK
2025-12-20,"Utilities Repriced for the AI Era, Monopoly Power Meets Surging Data Center Demand",DUK
2025-12-19,Duke Energy (DUK) Stock Drops Despite Market Gains: Important Facts to Note,DUK
2025-12-19,2026 outlook: AI Revolution comes to a halt without energy players,DUK
2025-12-19,Duke Energy vs. Exelon: Which Power Utility Stock Offers More Upside?,DUK
2025-12-18,Duke Energy (DUK): Taking Stock of Its Valuation After Wall Street’s AI-Driven 2026 Utilities Outlook,DUK
2025-12-18,The 4 Highest-Yielding S&P 500 Utility Stocks Are Strong 2026 Buys After Big Pullback,DUK
2025-12-16,Can Lower Interest Rates Amplify VST Stock's Growth Strategy?,DUK
2025-12-16,Top-Ranked Utility ETFs Poised to Benefit From Recent Fed Rate Cut,DUK
2025-12-21,Here’s What Wall Street Thinks About American Tower Corporation (AMT),AMT
2025-12-20,How Investors Are Reacting To American Tower (AMT) Q3 Beat And AI-Focused CoreSite Expansion,AMT
2025-12-19,Is American Tower a 2025 Opportunity After Recent Share Price Weakness?,AMT
2025-12-19,Are Options Traders Betting on a Big Move in American Tower Stock?,AMT
2025-12-12,Verizon or American Tower: Which is the Smarter 5G Bet for 2026?,AMT
2025-12-11,AST SpaceMobile Gears Up for Its BlueBird 6 Launch Next Week,AMT
2025-12-06,Barclays Turns Cautious on American Tower (AMT) Amid EchoStar Risks,AMT
2025-12-06,American Tower (AMT): Reassessing Valuation After New 2032 Senior Notes and Reaffirmed Dividend,AMT
2025-12-04,Tap Into 2026 AI Infrastructure Gains With This High-Growth ETF,AMT
2025-12-23,What Prologis (PLD)'s Q4 Earnings Reveal About Sustaining Its Logistics Leasing Momentum,PLD
2025-12-23,Prologis (PLD) Valuation Check After 27% Share Price Gain Over the Past Year,PLD
2025-12-22,Why Analysts Think Prologis Could Be Undervalued After Q3 Beat And Higher Guidance,PLD
2025-12-22,Is Prologis (PLD) a Buy as Wall Street Analysts Look Optimistic?,PLD
2025-12-22,Prologis’ Quarterly Earnings Preview: What You Need to Know,PLD
2025-12-16,Here's Why Prologis (PLD) Fell More Than Broader Market,PLD
2025-12-10,Has Prologis Run Too Far After Its Strong 2025 Rally?,PLD
2025-12-10,"Zacks Industry Outlook Highlights Welltower, Prologis and Digital Realty Trust",PLD
2025-12-09,Top 3 Equity REITs Worth Buying as Industry Outlook Improves,PLD
2025-12-09,5 Reasons to Add Prologis Stock to Your Portfolio Right Now,PLD
2025-12-20,Simon Property Group (SPG): Is the Mall Giant Quietly Undervalued After Its Recent Share Price Gains?,SPG
2025-12-19,Has Simon Property Group’s Strong Multi Year Rally Already Priced In Future Growth?,SPG
2025-12-18,5 Reasons to Add Simon Property Stock to Your Portfolio,SPG
2025-12-18,From Asset Sales to Acquisitions: How Is Federal Realty Repositioning?,SPG
2025-12-18,Simon Property (SPG) Upgraded to Buy: Here's Why,SPG
2025-12-16,W.P. Carey Announces Dividend Hike: Is the Increase Sustainable?,SPG
2025-12-05,Here's Why it Is Wise to Retain SPG Stock in Your Portfolio Now,SPG
2025-12-05,Simon Property Group (SPG): Valuation Check After Antitrust Lawsuit and New High-End Retail Acquisitions,SPG
2025-12-02,FRT Expands Its Portfolio With Village Pointe Buy: Can It Fuel Growth?,SPG
2025-12-02,Realty Income's $800M CityCenter Bet: Will Diversification Pay Off?,SPG
2025-12-23,"Dominion Could Face 'Significant' Cost Pressures From Extended Stoppage at Offshore Wind Project, RBC Says",GEV
2025-12-23,GE Vernova to Modernize a Key High-Voltage Power Transmission Link in India,GEV
2025-12-23,GE Vernova awarded contract by Adani,GEV
2025-12-22,GE Vernova Stock Has One Big Catalyst—and One Big Risk,GEV
2025-12-22,"GE Vernova (GEV)’s Been a “Home Run,” Says Jim Cramer",GEV
2025-12-22,"US 're-anchoring' to energy, power will benefit this company",GEV
2025-12-21,"GE Vernova (GEV) Stock Slides, but Jefferies Sees Long-Term AI Power Upside",GEV
2025-12-21,GE Vernova (GEV) Gets Higher Price Targets from Wells Fargo and UBS,GEV
2025-12-23,Here's Why You Should Retain Merit Medical Stock in Your Portfolio Now,BSX
2025-12-23,BWAY Shares Gain on Optum Expanding Deep TMS Coverage for Teens,BSX
2025-12-23,"Is Boston Scientific Corp. (BSX) Positioned for Solid, Durable Growth?",BSX
2025-12-23,Boston Scientific Corporation's (NYSE:BSX) Recent Stock Performance Looks Decent- Can Strong Fundamentals Be the Reason?,BSX
2025-12-22,Is Boston Scientific (BSX) One of the Best Healthcare AI Stocks to Buy Now?,BSX
2025-12-22,1 Safe-and-Steady Stock with Promising Prospects and 2 We Ignore,BSX
2025-12-21,UBS Reiterates Buy Rating on Boston Scientific (BSX),BSX
2025-12-19,Is Boston Scientific Still Attractive After Strong Multi Year Share Price Gains?,BSX
2025-12-18,Progressive (PGR) Stock Drops Despite Market Gains: Important Facts to Note,PGR
2025-12-18,Dividend Windfall and Sector Downgrade Might Change The Case For Investing In Progressive (PGR),PGR
2025-12-18,"Micron upgraded, PayPal downgraded: Wall Street's top analyst calls",PGR
2025-12-18,Investors Heavily Search The Progressive Corporation (PGR): Here is What You Need to Know,PGR
2025-12-18,"Exchange-Traded Funds, Equity Futures Higher Pre-Bell Thursday Amid Incoming Key Inflation Data",PGR
2025-12-16,Tech Innovations to Power Lemonade's Scalable Insurance Model?,PGR
2025-12-16,3 Reliable Dividend Stocks Offering Yields Up To 9%,PGR
2025-12-16,2 Large-Cap Stocks on Our Buy List and 1 We Find Risky,PGR
2025-12-12,Why the Market Dipped But Progressive (PGR) Gained Today,PGR
2025-12-12,Does Progressive’s Strong ROE and Recent Price Gains Justify Its Current Valuation in 2025?,PGR
